JLxre3vSwyg=,ANG1XnHVRFARGgelLvFbV67VZzdBWvfoQHDtF3Iy4C1QwfPWOPobhjveGPd02ON8fXl0UVnDZXmnAUdDncw6QFDn3VG768NpzUm+ToYShvph27gWiJliqb4pmtAXitBondNSBvLvN0igTmm1N+FlJ+Zt+5j49GKJ6hTso58ghNcK52nhveZYdGQuVglAdgajSOGWUF8AwgguUk5Gt5dNmTQCBzKBy5oKgKlm110ua+NZbbpm0UWlRruO6UlEac8/8AmXqeh55oTbzhP0+ZTc5aJcYHJbSnO1WbXKGZyvSRZE+7ZOBkdh+JpwNZcQBzpCTmhJGcU+ja5ua/DrwNMm7jE=,AQAB
Ay07mm7QaUo=,AN50SjzL1myV9tQRkQSLxPKoKSIw8CCf8kB7r2KW/ZASzPTEqgIlONVHFh65knDmiqFluy1b7DnbyPrPZm9xJXp7f6TXkKD+lczyd8ngfRU8OziqcrVBL/rnijQRgJPWFHsVPDsSRfcdo65PBazbhBLioSyoRudhzhOFi/Yq3TJA7trtJL+K/kuXl3AUDmpQB9/YXviuTeoqEJTgWWqm1XiI/s9jTcz8eRm0UGaE401880lAUDGbnQC/79s2mh9YYWddD1Ez2sEVrOENX+E4uQlEwwszzoUvm048FFKr4DgggwWuQs1lDQ0hkDJDVyg2zXxH0yu7+WlnwC4k5OxzeBk=,AQAB
+scgOukhFS0=,AN6iTCYLKHtnFRNlHU4VBbkf03/6Mxnd9FzeBJS5iBWlZpnnhdin2nYy6uH7cSwNfDLijB9MC2kEcsY/ymHUTti8v3q6yaC14B9cfR4f9RSlOrv8hMVPmZahxXpccc6EMKpCiUC4MJosNQR3XwQ1uWwetxf1fUlU9ayegjqz6gBr3cTeW5x9OL2SW8hxm8uxhrcbSpUVoskFgtAUb1KcXxBjca5wcOdU+EoTsQSoIiZC6IPmP/OHXp2GnHrIz9hXip27Cba42JAuMY4QQ2W9QmRjxmjGUZTVjqPAsMZKUAOeNrwG4Xf3/fA3t17T0BoNsgNKMM9U771lSV81FOJGSpE=,AQAB
RV7sA4ZbGiI=,AKwn7bRT3N2jn/IDshAf5T4s3gJgVOV86cspf2wNoInijqYnL5tXERdK0nbysB7JxMknWZU5xPvFnVFp+Ck6jSi/MoaEsqFSEwDMSgtGVZ5PHCQpB6/FYao3ulzR4meAZ+oeFqAginofDDZO8JWqdt58sIIt6tNAAIQrli1rPz99xHGBcDafLhY4MSFiHtGQtKgK+D45eEhUDz7Tx50QUZ7xoTlMjYcIZVnkzCEdoyWlCSpOu4PLwkej5YcfVusrO2KcneLXftWFAwnS0bS4HszBPoXIjYrPGp5Vp+AEPYWMTClJoeUo+hNE3+1slwnGOZpkmqggdOdRWsVGvUDBpok=,AQAB
aZpB2cLgWno=,ALyI9PQBQIBEWo3qoyFkVeEAsPKAXAo1rE7ZmoH6y+NzV2ENz6T2lR5MB8ZgR2WEt0QJY3JweGvFQefadxQ0qWhgMqzPkYqJF0unl+eKhFbsijAle+YOzoO/W92G3GJL7ODLndqGVTT7mgLDNCf1lRxYeH9D/DVodJxggSG5ZrViHw196UUseocFHj/8112cxA9h882XTahXp1cTIZWCivPWRATqPq7jqtQpVWB+8W+rEhg+paVQybvMD4L+yQtdnoa+I2/PcOKo5Uj8v137oy3RBsC4kPStBvgq67EJ/WsxNFooupphQCLqhV5qKe4QHkQYC4xcdLaMYBj5HxW78I8=,AQAB
fN+N/tdc1bg=,AOUafWOYrpQbgzDy9Qx3DTCqAPreGldtzNany51tjU+Z94BiH/IWUS1fMSV8UjkW0RjPJWJXgBFC59XR35BCJvZ2bV6D4cHifMQUYFEOczAW5w93Ib1A03TnaWoOf0VxJTqk7dxg42o0cVoLVT4lOxAj0nQ6PGdWGHHJiOIMmOSamXFM6Abx8ZXOOQUC7ZpEkVR/k7R+xDJNF9Uo/FPUzCHPeFKmU350TpOhQr4AXJLp0G+Lijd51xPwxFlg2sddbh39uGoGcreNgYKeNNh4hHfi5BgnW6Ygbgy627V+ytOCUL3X+EHM0OwJEfOfpwDjTakiwGsy9iIhcacu7BqjXtE=,AQAB
9yQOI+j8HlY=,ALcyQs8X5Rpo0eJ0Ra4mfP6D3zVVDa+CIpTbDlosnLX3OJ8jQIJk6F58nTrGiSZN3F9yVUsMCNWDQrG30o14++oS9pOUIFt+JgxWmQNsYzg8oNmKKPKGWNbOlMsQacFCn5+psrqgkQdX0eJE9zRhMNMA/TKYAkoM4ohxxOt/84ddZEIpHRD1LzyEbyHCx+SgWLPEcER8i/xT2vCg/2gyN83xYsEAHesf6nqGsrc0N+zdLmqqic3ABf+8lqlT5nkD1WKK08NKoFqUfDtZK0oCOwgoDBBLi2Nkn8fabHd//oJTNwqm9JQ5eGELzHhoiZFag+O7PHQmXiLQWxLsUYzkX3E=,AQAB
yLq6wD7H1TQ=,AK5Ht3PSKMqM6o3giVQ7Z9UKFeAXkA1tInS6wjSoOGZP2queqHAZLVcruz0StoNSNbdjmNS4X+/jQh/HA95MQBvwwEAJ67e41tV2moRNfG1qzPfVStf62jH7LKK7dV6zv2u3p4QpWzXN7LYVzfThKT5Gz7ukjOVXW9bZPIbUC/sNXJF3eqGcGQ6WDujQa2E35Kh1Ym5vpD5JDapLwzceT5ElvNLvvXANVuZ62SfEezegH/t+RwA2R2vKgO5XMnMKXDir4fVrSL2llwVk19dtI9LV9T+x+vo+4se7oc9KAD6VKTwDGix///NJ8lwUV76XoWEFa2fzltAAWgYlCRS/rf0=,AQAB
5RNeDJkQlR8=,APgweveX7S1WlnYm49oM297I/BuaIlW2IP6XS2JvL+L3V6fs12bsz3F0EiNW3i9Js3V7i7nj3JAZhC+5+yl8EoQPx47NpLoj8hRkd9GAiV0ISGIVGa8b/L95uD3Ftxvg2YRL0gjQP1bsc0bejkIa68OeyqRaj7+6ppwKsDIhimSPYVselFVrUtdQ0h0M0EDz0+FJxxotxuimy3p7dUzkvIr9OvyxTFrLbotELo6Sz+/r98q60TF0+oocWMj/aLpRguwJBscrl9JzsgC8HX6/UkdN0ll/QHN2/t3DK/6lS08L3LVf2x6dOxr4lGPqg+RRKkw2OT2jpoGTI9O1Tr1BedE=,AQAB
ZwY0pGfD82M=,ALq58MTajwLKK9TIih4S9CQaYhpYmdhkXai8EU6Ew6efyXEHolBb+XvjZAApkkIjMVJfMvasLUE8/A4kqfZewwDS4uIWo8NVFkYxiqbYLg/TxcCONDVNYckqpvtu80Y8MW8FLqTUNKIAbJTGfKdcDqxjZrmcZsvEeaTDXHA9JkIJ/orV1I2Gwe5T2urt51WVC7cvj4tfT82BngBi+vXf6eNdKskGhVRtobbjsO19afZdmBsk5PHdqxfzePddfwWhtcGM+eW+tNoTTLLLQYTc2ds4hw/IuP88DS7nIqX6/X3YR02OlM+vhWF8wGipDtIVaDIBLgqAi5VJgf6iuxvtDNU=,AQAB
LguKp3MueBI=,ALkODDXeAB2Cs6Kd5yH62FhZJuU1VC9PD74WU5LBDGexGr9S9uIG/W3Jzwd6U29RTWZoK++QsKfxQavVDRjRz4lWiFPvF9duHl4hag7Q/XXV6ry2wsj82jKqt9F8bUVq1yw2zqkpWqkw8zPykZEKcL+VRn4BEVAnuAnbAT/98dqY0OKAJhMvrepqE+g1dH7Oal02Z2D33PMrG/udrkJEx4a6csdYmHmDQfrGOXPiHvD+IgAZYfdvObnPo1Nyk3Pe/7vAu9GCPzzgq38A77sipR5edQZn+M3wBuilhjGWbrAI6dpn38MlwwXiFYrdYtIgi1TWAUHzjn0Z8TTzMwAUNy0=,AQAB
AK9v+Ri2OCI=,AL9xE25HGw0uJS1UkBYFRQnaTfX1bICC9wyD1jlioVqqWpTBCP8LmhQSB6WheeJLsUriqvOEBAFwHnlnMy8xoInt/cQe0BMBjd53H41qwQVVfuwH9WNOIGh+y69HWja+5M23qPAb0HoQ8X4M0LXSw3jgmg9gy2E7HRqwjDCeFbX38mHGExXdlIf4aUmc4/rSNLDKG2KPvhAG1sqhTLsW041HmXxXcpAOt6rWvItj8LW8lUsQDV1nRUfimLdrNz3OYj4HebyCCUWutoB/0dhZhFeILVPRZhji7SyIBs77T9CZ9xqERWCrvhvCK2P3Rc6Q6sPji+U8MSyLJ+QrQi6irq0=,AQAB
TQsrPxiyh58=,APtJSsCDETLRV/psatYApkoEwMoHn5HGU4GxGvSPrMnYAw0IfVNGumRuurMyW26JMc3HQs5k73cPwuQpdxn9r3Mks2R5+RDi47eYYBrbXvdOiStzyGZlkMiwsht8dRslYfE4mH+jGuRU/e45P15vnel1TwGe6tyjpwqJmUztPycpC7LrGcTV9CRj7RbzdOg+R/IUCoqHviAVxX45NuG+Ak20NLRwvIYWYKes4iw3hLoHXxg2j6hcQqY57n0+lfq2oNkUDKkprBbSd53lK3Cm7dvrzX4kPbfqQwKr73vmlHZ7UJeieHLz70AfNR40X8vYh75kYtsgyVMtWtdMFhG9/Ws=,AQAB
5EiHqluGAm4=,AMi167G9TIAP1gSgfUKLfVSYqltemo8zrOpvNu1sa02x+/t3mkk7vuNGOSkCXAEcoI39J3gENl8m8cF5pTti5JeKKFGVio0uSSsUnlEgGP7G4wtW2Z3sE37TRrBVq9xHNHCjCPYVH9XvhUe0hnagG8Bx0Oe93ZPnIbMtaMZ2zkEMQL+jXwi6yzsGPLAIBc4w4DDguxHQefrJZCBfMVXC9z4fQu0a5DLkr6UQpgZRJ7N41QT1M5RMlOiWY3NnvXx6SGoH1NhIlgMy2Q7BcP7Q4VU/3DbtUJQQNs44wxzmjQaIVZdx9kP9Mtkzm28KkGyKOOnTAx1CBvfDr4iNCeXsUqE=,AQAB
IQ2kJ7Hf2fw=,ANFbJCZhFV75TBGbgKe0Q5LmvEMDEkHSIEMjPfbyreWsANRu0jiq/UAQc45DRFxwcT1qg6AD0/TabUlev6zQjft82h6tzFAW+8iGxa6Q8T3DPu0d9q/bjeV93eRmXDiQ6sxaO/WYQ0e3H99N7nwKoN6R9bkmrav/+lrO31dtfM1ju14yexZllx7SbLkFwZm7SvjZcxm0j1mPwJVmjQxW50Dm06YrPn/esddVGwxETdIhwZA1FS+d1GAlGc32QG3NpK7RXk2BSBEOXc4q8V5m4FVL7YrvYL56/rDoBuABKfz/sJDclkrQhshchBqTD2toeyA3zzFqj37RSzfT3Pelrfk=,AQAB
FyC8ICWvv/M=,AOBSZTemOJF2EdVGsUUDXqaJmgl2Cb9JoF/IPBxMvD9beeSb8vj1DsJhkIvJn7jCjdpgCYe1+iVGPDXmDrryl6ZTY6okZbWHNThKTcOdml8mwHmZkJwrAnedmylEpHRjGYE2t56x2TVVbzOl58d8BFw9cNCWrjoznyk2i48rG/nEmPcGm19oPFhespdiRqSzFdKDIX86s11/puns1F299Ypyt0c7iRdi7w5OimnL5cwfwXGgIv+G/m8kFJ2W8z/FTfwZfyR3a0kRCErx+H9RA5U1B51CXExpm6a+T8YtlS2vnLnXlhdwubA/q66hnG2OMgItbe1BumbaSJ+Gt2UD2+0=,AQAB
grbBM8/0VgQ=,ALVDycJNbfyY2iFDCSC++zeOAi59FMGVN0YD0Y6jq/byrwspmj3uENRBzB0al7BXlT2P2siyyK2jNc/qdgYtNTfqlw5TB66uEJ9w+U2nc9zEYIhYSF7Byju3RhV6Rnyjv+w9F9rmN2cDdWxmdg3AiX1rFMBmGvPmV+UF8LBUoqLr/ZJAjLDu2S6DyZ7nRGITIXczNkEc4TPDWZkNZmrzsDO/5xc25q270x3Y9k7qQgkJzUpqgMAP7Rla5vWd/GcKZoRyTrzCjPYIg8SVEt8emRs3d8UtZ1/Qnrwv9WvqvjkaMmsLlPqsMB7jdhonpdomIRHLKd2nLuzzTbpcGUfRL98=,AQAB
keF36Qkh9EE=,ALDqCTaEsGzFXphVivGCM3IP2MmSxe2mP1CEwcVrcWl7GLAS5Wk1BUaccfwr3kL8njZc1aLg5gdwdeHgu+TLJYPfWAayS17HkRi0mXllF0N6GX8Ueb7EpmMfAdcYCmDN7/B6wbXcNc40yWAuMuCiAAEWkE5MrS3crq/Z0mVU5A60f0aiznLCsgFHIJb5a/TcPR1rUUGk5Y4LVPA4DvYTgcgMA2iBuUA6C/8RPhciyU3cTVA0f3yEflL5IS23dRGExwpefginzw3uDowzEViHzK9wmAi9szrppjktf5A6Om7d08OfMCiiUfe+pyjzLhy7Q4AQpi4DHahseRUUvikSKcE=,AQAB
+vx+Yh7yiTI=,AKpI2qvGE+hmLky99IKkj2LaCaCzK+nlMrdgCiM+kL1V0ivGbHfd5zTD4tpNHBwG7EwoTbef+NJGGOTfhlS8r5U/4x/3a0PBM7lAaDfwRjK7cF+aWp+mYhYbno2IcGjl4HXBqL6SREKPcaw95JtlVTIaXFFhRwAskEPdHe/auoCUaUBP/4yX1DInQv/8tkoSvow8BpysH4Udg2UeGxdLQVyU4U9IZytrfA9VaGGTjNpPf1m4xRBrWqAuI03nVpE4eFf4kNYmpPNdWm8vFVlX1nFZKgOyL1NKgUstWjGFmKR0vnDp1dfgEvDvFypf7psoUsp3x240K/cUi8ibQzOETCM=,AQAB
NjcGKniQ4wk=,AK4L1cTu9LBvNiAOgp10GBmcm3hUevTTgwRWPkRVEMjilz7G55sLLd6LYxOy0p/Csk8H6vNJUPAK63xfZv/wsKKlfWzjIsmvpvq1UMmYTKUmIUPv/KnUH3tq7VOFpjRHpJ/GIOj2pjJ0XImCMo43dqdw6qux5nnErJOeAkxCd+6f5ce+eRvxugP/RgQVzlC2lUKHTDw8OoJLbRHIMj8Hq+em8p9OijnXw4J1N6l4vnGTI1gZXn2rBl+aVm/UHKKcW66x0y9j89J9EFVomRAFi/D7Rt3sVdSPiJiGkFMzlllR+134AIy4WHYxv7/ljmKNyvAkf1RBzGza+9Nn18b5EG0=,AQAB
dJnys7HdW7c=,null,null
OYyCgtRw4A8=,ANWShyxxXsgsKIwtBWjNTAUxWGqQwpAPZaKtVDKli0dYEuTNXmupsWow1jO/J6cp+u75GxDOqIv3emuoRaxIjKtux/bjOfNoC0lFlRcqgHR0VPJ1DBDhy0DG8qONdEwehZPBViOTlGr6KBsSEFlvmogJsvypqcb6euzSuGhcE8cES3p9SFaI/n2Zioj4SNVIuDr7YI9RWdv9Ph6Zf4Fv2+zRvpfr6mESitNBBaNo9XthGzuWpoF37MDK9vHrYfIvdnXHGYPAWw6shuEoUmYhHKN481Fp2ahD3VVE5SHJEvHpRRmnJnzx0kXTf4jY34FegCThN2u1Lf5RyeOM8PddJ/8=,AQAB
0EWW+eM+8Y0=,ANSM/aHtZ1lhYXS2+iqZrAgp5mLJQ8Duc+5lcPdcRiuqBXdj04+SiXkf/Mstu/BMASOKa5+/2nEh9KiEIe5W2obAcUaxdm3iKKGmqv85pM1PlgZTBnRwpvMmQg5/ZN8aXEnv8nRso9fbBTp5q5sf+7kRq7TWqnzPUYFzU19OPg7Z5P3qiz9atFMSXe1PkkOB17AlUYiXB4nAQDAAiZ/+4GNMDhj6KyzeX9zUXAUHgdol678Yz9CAEZ2L5vXwMk8xHQXrzq9e7dcfHAOWbNL6dSWt8JwGMih6mk9Pkdg9GY2YwwvyogoG3sxjd8uQ8JrkVH0y0G7AXPNwlk3ZidDBJNs=,AQAB
DGvKndwBURc=,AJ4QWRScr5W/BUhPQaI0raoFg/RV22z++1N1fQO4vb8CMf8aXjiMzFDSKKk5221qgGh0HwmcYU37bumN7jX0QqyUAHdnrB41zITacCE3ZQzoLsANWIHYqnBejpP7sSdsPpB7s4+jZujGNSYh45TM6cGlszf/WfZVsU0ovO9cxpqTnPUaQvHHK4PMqoHFoevGT1mKHxyBCi/ICmMo9lEPAt09VWI/VDo+L3KI94nMbiLck7MFSBBW+EiACa+MFoUUPp3uexmpJs8DYA3uG8AGFR6/4kVss4wYCb/Woud5To8e1zS1r99iHMzRz1KRP47kLknDYbw4rHkmWQziTpTn6EU=,AQAB
Ckzl1zQsivo=,ALA01kW0uVwUfyWoyhdUqRp1J2BoHbeeJ+1SgnKNLFhedr/qN11eUqKu8WFVrCV6n3nTrKCNCiVR3lACH36nUUv8BLkePXe/mGtXyp0dpbgA3IYzbg7xtP+duz7VARsKbyPTT/mlmIfj/ZHaIuTtqRHLCWKuBzcX+Bod5N1hoMB/ZIEW/m4owV3L3A3P9ntHkdfjLpmiqLhoAR2p1f6cYq97IHiHB+KKGG1Ed5ocFvekEzBgzpRZ/X25795xfHVfDyGOgBNFOcvBatzHBSUgq9TTgkj/ryqANErirLZyIRFwgEvixT9ocAB8JYDt0lQaLg34km5Z4/Wom+l21WY3Vy0=,AQAB
jiYRp/sU7mg=,ALqNQloYLul+J6IFWqaPjcmgWpO8pOiawBlCI/YvKvuwjpAg8bQQU976OLB7Kh/FnBMj/78ke9Ya46QlrEwmlfxBBbxZYAbZhzkSSu89g2tvUZzxP1PxilwbnmGBewN4DrvBeT6SNmRyQdZ2ERWpcrXTlgNnM1uo59PokE4Itoc2SQpTecKqvojEzSVIy87bFpoJJdQbPblvEjWa9ANAD0/9dqKkKgwXQHY+Y715dmSPM/UbpZfyB4dLsLwkrGYx1PSWZbcZS0ONKLlt/v58i7JYQmSvWNXdUIXPvSHyBYGX5qwgS5lz1GBgSqDmV1v0kQy9YbVpBpevnSlw7OiFtbs=,AQAB
++TReQ3yT7E=,AOrTNykKkkNiaaKKOc5+NhGXmI+K5ejYkaB0/iT1jm9hXW1D+qwoA5LKizFoEIEVXryuANztCOZi2cwc1cysiiEd/axrF1HT9GWJvczVlQtvv/JiWFgLLYq6kOJ26+1wnUZSHCXP02Q+DKpaT2IceSbkYw09Id2QnyGprCdjH5wtb3aiT3HdY0TRycI04S8VhQcp3+MpKFCe1pZA/3cEctoXvDJSb5oBVoNSwaX+xnvg/Xoqb1oUkaGukz/rfeC4RqoY+5ReHfLfrvIjoxpQ6AfdRuzB/EFgVoEqnrRA4momcyMTJh49C6M9DKjber+1xcLM8zniW/8a1lWL0x0aeOs=,AQAB
xQtCSBd1RAQ=,AMRhmRrUEHRJgtI6Fi4XyU260hkQlwpvDCFwD6CwfkSpeoEldfqGy2srjzySdUiYUOenFnTvE4C6KCPmY0Ssk9g3v3YuH8zWMQ9kzDxe49pcW+92/D+vq3dhT9ameO74zM+/rtHihHbPc3t1ADohQ7g0C4iHgdecIuFgT86WbUpGlyzYekaExDBWsZ3ZgZLAmgjKUDv2Hg9Hw2X2KadWWcvWO0oejYuxwuv//3q2uxwL43U+HVGAzpzZ8MpJH0RFr15gEDu4e3K8VSe1g/oAPxN54Ur8YxbgDJ76rAKdcpjBB94BQkq9sZm9QjYDnIh9HfgCIs2vGWQYJm8YNrZ/bvU=,AQAB
Dzm5GZ1nnL8=,AMHr0drw62OAJFINi0EkdMd8GonWJQPn0Dbn9iIHmu+3hBnd8vqUHLSxdEb2Wx2b8grEQX8Vr3VQuTYnfh2LULV0Cf7yJ3DFysRbOOFXFnaulemQ+bIYDBJ6hojAnL9NFaKt3dnLo59YBs7OaBTQHrFBpUdclUZcKcggKGlX3YB7GquYysUgLAxtFt0dDoTEMnn17CipanO+PQRdsZiZa3GCLTjrYyIcl0wZgLkuSltPjYokYraq4cdYzpk7ke+vobpIzTY+uVvS6GhIh+qDtyP74zxqjkYONlLOu5x+2CnCWUTZ70s4uGcZeeIXGvpxzv/Q+pMnq8cH4k/Nywa7DLM=,AQAB
Qe0Ob0oSRZo=,AKE5e3rSRplcGBsKCDZaE5l/fz+nkRWCKy/riv0FN7d7E2yI2WvSLMqdun+ETBDB1N6KhXb0vuZOUHtg8w3ng/Ce5O3TD/oK2ldMhApQ29S924qVOIICaU2+cX6TI/TkfQaavuo1QzYmxapz18C77i4CgR7AwNfmKGXkWG0MJWHPtGCV202ZFkdmiwyM1iV8Gl7OOI/0YEFY83Job+SfZcBrYQcRUJoEzlZfqhB674peqrq0CYGBOkJtxpMMp4EFdm6czBjFv00iax5nVTeDQDvcbJpFb4Rqg59G3L5GOZwbBG603KUcsW40iQAa12yVYE0gnspANd0CR1LABPXF2pk=,AQAB
l5yV/Pz6XXI=,ALT4YiagbVTsBW+AaCxK4KDg5/Nsy0Te8RCwcq9p4sgO8iJDf0wdGq44X4o8iuBGFUBc6E6f5dWMx61oNJXdFwHM4V96Ggk/7DJK8cl29N47Yg+Pw1P48YZoDy7ZuL05YQBtruXpAhfLqevKxiOna8UWxvNLR5syO6ay+7tZbcNi0akX0YsJozpbd2X2Fl/+3Vln+4t96j5lXESwMLyLj3BdDvTn+w3nwiwriqEilc5OgwdOvZqJldcDlYxC4ibP5PdqrPuPn4Ji/l1/ox0xfouy0JFVbuig6d0natq/4AJmmeEdD7YnrlZDqnb35cnKol3GxSeiuHKQ+51IDRT1Cpk=,AQAB
kKxmdxe5zpI=,AN0iMYMgn79CvKK6nT+dlUkqqQPas+SWAeak1rvO9jOquCdu+NN3NRTJ1j5uGg3+qOU49Wt6d9skW05mKBkoROXm4/gdJn7jzcfPdev9F0+GZn08aU3f1cCS1EArX4DHfU40ih3Zle/OZAzHAmEUkiHWACeAYIpPXmuINv/WRKU2eg40kea10b4kx7bcYwZj/Au4qjIJ63bK6viWxQQ4s/if2Jns9IqEXwJDUym22lkfpNODZ0pRaAqNSIK3gThGKFP/GeGjZrehlQvqS97xQV16jl6xCro1iP5M3dUGgDIOxu57q7X6YavzLwY5Vibzwqne+MrGdziynLWKuEAkAj8=,AQAB
XkeqwqQCxh8=,AL8V8BLanZ5u3VHu0nxrjUg3BV7RiKuT0SEQxQ/TI20PTtUFUvwnLT85wOKTee6yRw8QOXorGIeHbIHtYV0QxjRDRXosaMhh0uUy2d2EUZ0TUoRbYBZKhjKRbALemx317zLJurEEaP4/qlhZmDcxLepk5QV7qGfj9IW4cDsdWER0/ZjRAdOWmDjAcPJCMn8A64v5GWbcRFptpdcXU3PqfEJqB6Dhh5iqEbA/7IPg3VDtIG1JI+OX0r34S/5FCLM8urvNZgYfohxPqVf/JBe0l/TsZ3Jx+vm3eex3UdNXB1RieJjlKdNTOadbIc2luPq2UyKRvInsj200MZPe/ugdrCE=,AQAB
KnwGJNCuLTw=,AMrJVAAtngOjoLqPjcECoS8CMVaw4Mk1gqBpDWlVGDBhwDsWm6zzezIvXw05fUv02pjGHqLJQ7Jl0/GrU/P989ocJI5p+UIHj7SdpgbDTSTgRiw5+SbhHbVNp8VmGqlEgiennXEgwrrVdnQAWXLmjHWmGTb3bg+t4p+midutz9Kv9EuoZIypBQUkgNVqsvl4OUkoOyi7aPWSqFBNOG/RtWf1XglEZfc090/zydcmn86rZKNED42RfPaU16J/1BJnK3Ks+8b2hHLxnUdSAKb8UJVbeHRlQL84RMrWO51iNXu5BQ88A1ANHwD5FnC3zFVsJ8onSWguaC3V3mJc8BkWQsU=,AQAB
/xPTsWn/mr8=,AKZUNw49xGn9jZ1Om0gCjv9H1QIWFKxsDI9lHhigp15zSuitAHe0Kmh+12FhW+9HyDgdoslCpab/JvftM2CyHchGY6oVBeLiuSVcKMos8smo5tAPRlY7yGJ+UF+0xG2GJg8HqjmUXtw1UhXVtBAQLjssfh9FdLkIeVrzYupvFYiXEw0IoMMDPQIr5lilvuPsHkiXTl6GJrPI3Jq9piGV4SFtl/LGFftSIqQWyUMIuZwcRBh0xKI4uN73QAdN8kgeMOQABHAVKq4ib2hQNEUW/AwnStGXM4MqP8hndogJJtIespTs8yh4nLL9rda2PW+CLFKKF+TzCqukceD/Dg8Diyc=,AQAB
