7GBun0USD5E=,ALvYmSzFwvAwxQLFXPGla40VcIqVSwKO8WeJ+eYTAQtJ5ndRPGmdAXFacKyMWm3mmtHBO79enu3ZAiZB5/pFcApF0PpwwKDeo+hJ+qr0M3rSNOI6n9bQaOtT4fGvgKQdPk7fWwkBv7jTYROTHbdxqxSqCo/iw7wLCmPyQHdx0j+MZmbk0JO4tDTr4WoCpVb05axoqS0riWBw+I45lCeAYsJNK7PgfjScbH0ql4AcP+Q3F8IwGHCVQyq6OOLFEYRnT4xIXvZlltc9Q11P3MwdKru4sDzktzXcTm6Ryc1nOolXSTTZkG4i/1zt43Ku4uz1Cm3aE+FFB8NUeuAMCFsA+/0=,AQAB
ohI9KlFR2P8=,AORvORoErTbiXuJarOyZG+/97QX4TU7NAw7sZtF6SSKbagSxb0y5ZUKjDvECP5cdduulZX7YUwEitmaZ0AuiHbPzRHTayx7hiETZLXe6Gqtz64s+3/ek514lval/1iy+ecKV3B0pi8rxH3T+wUnckPca85vG8IPHA+t/HuvZUnAXhqRtOGfITlUkAEDgcwI0hpFj84ZGodNNb1Xr/QjXGQYi+eolaMepyCf7IG8zpb8CQ2l5ymTjl0ZPsSkAPgQ44wX5r6uiryqIkaBob5ht4LTBb1zxK/prwZGx787MD6+miqW5uLBcw224LEm+sxiXDy4bOmjJtBWiLnrcnNJcX0k=,AQAB
rVPuf3yKLBg=,AKYYYSauXSJeMlBG5YicnJLpXSospVmWX00UDcf5NMVBVOtJ/bVEeCstQImyRyIjf5yIUmU4MEkrgC1op7hK4iNUTm/vk7EDg7Qt3QxRWzSMKtbFbk9UyO6Op5xk0R8cCXJDT+fvqG3SkmbVH0+izgpcRbDaGJdhAM8G/GHXDoljRAfII+2mPrzy/QZhAm/SEcT8ITscz2JIC1JL6s7dlM1eghSjObeC8TOKUyAsvb5SFYmU3MehQye/ALk9guQG1viC2JnOv1dfPboGtvz08hCcgAcN4EYNgSLZMMtX5QI0HDSISs7IaK3MBjw/RLbqqVhdug8lPxyEFGm6bTAujws=,AQAB
l+UqotarLJc=,ANfeUTPe/Lh10EwWp8Dqlub7elgZzvLJC2u5ImOKuJfDDoEqyIrULwXJ7iRYk2szE4yaXRAG5QdBOJmbs759qdSO0qxS+5sKkBa0PRl7zaeoMAR2CazHIvidBbIcZ1nPRGBRW55osXUrMpWuXOFvG/6X2rBWFpLgsFAhi67KTK5Cf4LFnI+IdB75QjvYR7B5S6g/5GNMtFRlAIs7GodueWGYU3geGoOtBPd8FB7eh19KuJ4ApNOUtOGh/XmgRfRiLkYcayOBhA3GCDwfBmrKyjyEvLnzjELEhPLiZD4SRkG5Q4fnz2W9m51D1/b1EgT0yQ+V4B7Dxmp3Fq6cwRrbTt8=,AQAB
hGUS4Zj9fLM=,ANLq284IO/lSL3nvfru04lvmvsQygIaofQl3z0vi8nYvWOdu26COm26mcQNqoRVVqeBRc8UWEcuqVX0XqJKYEkL3I6EemL0TYvxyuHOOLS78+YMpoV//NKEeNxq/7zlJL53t3N0g/ATfrWZSUnCLezKyJtCjVoxhgaAp7MMXJ9nWBjaGBbx1Tf93sYPqAuKDuUFN6zchYdz1khyJ97L2QAHk9zSy3WdopxqEchk2NyGHD5Or49suvcA8c/6zt5FdkqcBzApCqnMMLHZToqkup3egLzqUGDEUQuZhBWwdSdIO8+92HR/ljcxLGvwduccw6yFov7LpdiDYXd6tDk8Nr6k=,AQAB
2eCjZcuOoEo=,ANMEjWCTJ+j/w4CQ5kCqG2bmxyATgJSBBu3SPuqeLl2assPoF3FF2mkxBJ+RfYvjjAM/RnYk5V6OnT6+yzTptMqDVjSTHJluHjxliqU5u9CHt2IZAMy4mdpL01JwCiY96uPSLbby+oI9aTjhq6FMiwQeOCTr3dtRkltjeSwmVPSZRl5lXv8T4q2zBYEMfYYHMD5Zs2NzhhxsHaLDumhHsPHwb4B8MiX6mwC0Re+exKQP6jXyx/kMIp4oJCJetd8oIc7JUc6Ho78js+FJCjkJtfHwGwRde9yf1Lq+Mixe76LotN0CtsHttbC5VvFpEuMSg55S/6yr57EskxBarAtCcY8=,AQAB
d+WbDD8Gr5g=,ANjMg7Baodl4XXOj1G0ftGpVNIQ/LU+gUiaQm4oL3WQG8+bJQzwCK178s9gGnO/VOo78sjBxw2yDi9Q8VNf6XO7IYHfwdG7RyaIMEEFMcodePRpwPHtYtyyyYbvHbQuC8QT2SvdZ5J5IKysmFOebCYkE58dlWLhelgwVxVuENhB7DfiiAuvLgzaLrBR3cOA5Pa2+LxBy6rG2P2nxGdR5lm67zfuqT8jxYeN6IL2FpFXJ+SWoTl0KqaHj1RVAKtLHahvQ5bqEl1qqcjX3E0Kd1glZXarMjHwMxsHHkf4SqITA1wZsQAG7+YfFNOSl9cR4MAFnzz4iE7aqiCrdBLxST88=,AQAB
TQeqi04M2ek=,ALwp9jT+tOJtkxVp8imyMobqe/MKVzDOtqR6HdyJ7rAzzzxV1oFbDdDRtROuY8vluyw2PkO9fY1QgvKbrIITy5g83tSlsBqxnUclBpqsBVlubCNLsSiQrBFzEXCqiqX+TV8SZUqNRSL/2SihQJ1LdSBVMy6ORz+66goipVOfLpPTeKbhAglt0BFCIJuJsH5XEdXK6mNT3XdVMSHHkUxnL09KuMDfcNX8JKPoK6VdDexCtna0lVXbz2JaNnxwlPoQ8EyegE4U5Lc0Ysm854auBan94xMs1RUAOVtVbwKFoTGYAMR0QmVxV3sfzLRrzg+EPqLz95tRGF9Pgv6rGkrB29k=,AQAB
JZhMLV9Gyck=,ALyZOwWaPuDxwQ2c34nvPgT088M3AZqUxaj+nT9l+jLF5il/GtUcMNse/zuGwZKXmvlDlhkCfq8lA8JytLtACRxCA+zgIP4B8itOe9USKXDLIj/q2SY4Oo/bOxAyKIH+nH+uNYY1cmlroZL7sNFMnl+UkVcxUPngJAB18CudJiJCHyCeAxQ789h7/yQzGnks8/Wj/V7gyWLviV+pxidFhZo7Y0F5id/R0+I+KuJ7C2YerBzrYqglazn86DhpOh1MSO5w26jzvuFMD9qNUvNpfS4EEgAbxcAraMfsNQBijP21Hsn06xCKDACIA4igy+5N5LO4soj2Wrr7b4UktDHhZTk=,AQAB
oVKwwScGxuY=,AKVPiSHt2x7VRQUWyy3GfzB32jgfHSsLFo+5wIfMK9yL9vrXtipqtzCwz2RUdKv4QABIPYGPytV1Ye+Et2X/FIkpvVCYAC1SLMQovenlaWtRhlLaW0LxIO1M+NzzP71BJALPMQP+OQbRV9VhNp0Nc9jxXCN6TmiZeFBzlUwNS8RMDqwDwYZQKXGMKe+RnPfimocaSc2g0etfKKFfTCAmGIPLML+HffbtdZo4MDAGXKYjX/YiGtR+KYWp5/uUbjS20R3m1SYAaLfeQCeDKzhBKiF4Oy6Qw/aQaH1W1eiAe7bhXCIwSDyYS2lCOpy8oPKMYeTQPHyhPTXNs25fKaPOEq0=,AQAB
Ll3NP03zOxY=,ALZP+dbLSV1OPEag9pYeCHbMRa45SX5kwqy693EDRF5KxKCNzhFfDZ6LRNUY1ZkK6i009OKMaVpXGzKJV7SQbbt6zoizcEL8lRG4/8UnOik/OE6exgaNT/5JLp2PlZmm+h1Alf6BmWJrHYlD/zp0z1+lsunXpQ4Z64ByA7Yu9/00rBu2ZdVepJu/iiJIwJFQhA5JFA+7n33eBvhgWdAfRdSjk9CHBUDbw5tM5UTlaBhZZj0vA1payx7iHTGwdvNbog43DfpDVLe61Mso+kxYF/VgoBAf+ZkATEWmlytc3g02jZJgtkuyFsYTELDAVycgHWw/QJ0DmXOl0YwWrju4M9M=,AQAB
rTEJEs6D1ik=,ALxvBLoRFd6snY814mzZSngWkYrMBIr0e04bO+egIZQrmNcXdTAtqrU6ZXnVmaXWGhK9kLp83BODlO0849EOCMukbtdsnp33xgGVcbd9U6cIzIqIf4SAlPZIeSqLKZB3+MB+ktviaCvT97LZYx2yXXSYrYfS88sw0Pns01ZLBOCgQ/Yii5b8epDkBNS0ltZb55vPSaqGPh5aXctBrsfLo0Ph7DxuQkHOAew7qGBI5plksRiCEd7bspuFI6lKTmGHathHt2oRreKj1fJoRER8HU9F3jIE2ymmpHwY3UHh/iJndiEZlWmVJIMU0l6V0gj/7brPJO+wTZJwrX+eDeaNhz8=,AQAB
1MTFjluEWHU=,AMBYfByAV343M+xuLjy+6KAaVQMKGaHxiYFja/DbLcYXuAkLhhqOwpekK2ckA7WaLyzqXEdUuXOFSFAIXoCWNpQRLayM3Uf4XKKGm5DlMg1C7D3o2jnIouC7RP9ua0ihf+rBskIgixW9buCRpWSuwhpiXFxPzWJw0A7yb+iuHYacBiKHjRYaBtl+nwx42XpjvvwWGWY0YdgblH/0J0qVWJem4ZjriT9hABwYkrftkul5+zvo9KheRCuU5urbbUjo55s+fYrHN+RpcJaLM40Z+a4lEdrfE2LeVBDGCWNjfIhBiKbvR4iQUMjAdZI88HOwpcGKOP4wd81qsGRsIY4+cIM=,AQAB
kiBgQhaKzv4=,ANCGUT86Vo1hENnUbf64etdpC0Zcvd6lEJGFiau623cQxF2qoChyhoIKJ3Q/3JhR/iqWZKfSNRwIkr+XZN6Wkuplat0xysNaqWoSCCK/oDyBPAgG6YRG1A8TZOeGKeAZUHaG7l0g83FYy2GKAt+Cd/GK1Xx1ozerT/ujY7HGivRcaDUJwgLcE2rvgPUkVwnZ4GCstrgP/JJpdWCzpULxDi9lIDaRoTJn6oNX6IysTZjXP8sE31WURFd1OUToB8LKrgqcxTXgq2JLntOz9SfowuhXY7GWwlmU7u1o3aOOY7PPtheTZZoLNnTZ+KMfEII88RXDFthA5Pe0DYJ98ZnYf78=,AQAB
CGFUps8kh3M=,AKrLMl32Gq740o/r9l0oEG+pz66cftKeQlffB6+K0qXBSaPAzlH+Ac1g+L6QGPpL6xq8Z7wZWb/nwa5yXAOOrjxqRNBiC5ahxcQZpvAlWwEv1Bax3/Q6htAIjA/cywbCwlvTPus5SEJF+QrG1m4wrpyaMkgwUMjJr6O+BBaE6STFtOcmGQPVkUhhn+qjQj8UZFzyGjuNxTC1lZU0wgJx7V8x6WpBuamQ1CyxFmYTrO/Ck/aBwnEwWpD29/KYFEwTcExTD7kpue47YqpvKD28dYccUBm+l8TLiGv3iliIfM9f6CzkWooscVOmDRzTxW5eaADl+gozeovpKyNs26YrMp0=,AQAB
DtTqYPhpYIU=,AL1v0xk4rNm0xyl2VakkSemKDf9TNbE7kY2domDxK2UOSSGJCkHhujcNBjDSmDi0qvzK72cm2BKK9n5Hn4ob32Ob0BHGtLZluyaxBW4tOokSZTL4c7GPc0fZ0fR04/+PIIhIC6id58KAqiE3OMLoIim2N2uOmI5txPYA6pBGZ0v9HFfaJO0knInQcleba+Xg8vnINwbIBYvJ5JT7H0oyvaaclP1261fq0Pqwq/tibURu1xsGDw+sJe/K6hpiibLXjtZYDHJ2NyAJPomt2c9MZ1JjFho1pQ3AyM3zAH56lG2bUYZVstwqZgGSwC+Bdaoi22mBXjIX2kK3pvzoQWCPELc=,AQAB
TJPxKICx0DQ=,ALyeP8OhC6u1kBrqyaye1FPN9yyCzLHad+E6+v0VSDzlG61ZXNWOy9BQchv1hE29OdEKF6Lu/ib5H4g5/NfIEKkz1NNj58il/qHox1HAx49W8S+g7ZVfiMtylDMpMDPgGEU+21zCHLb8gkOMtEPpjUaZryjkOEUYCQn/bkyDpj8H+loN1sMc2wZ08bgPH3a03zLPZuyNMuCkOAxRTtdBiaPw3XZz7/HaUE4Er4Top3Y1DMIZH8BsMc+7ZkKdEkBFWOLLCxf33j/RHNavXvr5NDCMSoZ4auj/nf8zoWONOyRfbxAnWl8iwWKDVapMzax3PBsKTiTq8j7JI0rPwWZ9fUs=,AQAB
kaJFrIZIBnA=,AK/pVWXhemr2rhBqUuQi7sm9UvnwjNiiB4DS8EYuP1knHB8N+2RCi++XHqP95VcJ58ojpoI3d71hGrx3U2HsuWY/S7Ho6x0RL4cDli+mrWLqtLj9UUudXXopDJhP2GdU73iwINRR26Zl7NowalDz6IcnqDyaLVLOy7lGFxCH+i9bRAfwUI7q4EU+mIxDHL2GYNIaz3vmgVwAJ06RNKSGONW5n9LgKKEOyyxc80E8KYDTEh1PHipdNxR7NISrXx+u8yicKAa9L93qDoSPundXnqVe/F2wGJDVLZKrNiN/Tz7kktm99V27MCZVXWbj1s9525fAX0q4Fxyh5Uc5jk3oI30=,AQAB
SVePeyrJHKw=,ANrmfyESV3+JLcixz90kE/fyw+KNIzteIIs7YfqRJUw4aNumy4dUdhK/qw30OjViVP56wG0Ul7PMukgjns20ojkxYfBnX0Mg2/VWs7Fj/vdj+qvPVRrJo5m6CXedabQ1z4v7t+FJMTjKnLyzJF7ryDoKAFOFlzsol3UD8dPDP7JluB2Hha11nEMZjbEZMcwU9srpK0+B8IUEDNfMoPJNimpsnejAqsXyBzUPaO30/Hi1qHO/Vl6q9uqfH5tTy2rO9EaOy0IzXc5i847/dnnh+tQOXvlW7Huxk0dDn41RJwPM6n0ltsn7aCTUFGVoN4t0SFdgm1FGncuDxLGuKQEQq/0=,AQAB
HUOTMBM2tGk=,AKuWdxV7C7uQ/jytlR0Y3S4zq5O/PrE8EB4TAe5iZYBtkIjU+yV+AQaupIeu/R8PrfqocsmqlJV29rLv48+0Gzlo5MZTPghbJND10IL2bSEpdJRgwbdILpI3PXSCa8gCM4tx+rFkMXmYTtJKCYmLS+cXuRl5146fCbZIkca4lw5GOVDoKBHsAsSCC6AZ/XTYAu/mfaY+Gp6aJvaFPAsJC/FCRiH8bI9oPXinjBhJWAygSQjdwBTOJuiH4SVNxqg7PEjhi65BVQYcCre3S31oub5/GQdxkyDOE0qNjCIHSa6UDHQWPmde/bRzu+ao6h5EMkIIrRNu1qO7uSjeWk5C5+U=,AQAB
aMc2tcanD70=,AK0auneEzWiEYUFh1p5hRssg1Q2q868vsD1yDrD9IMlB8i6NnBv27QMqB0MFnJnfnGnLWIG6BAS78ltOACpUi0EoBCx9Iw8nfoGbEBXhFpzMb7IouVBTW/jypKVak3PpLYX/BbEKDyGT8+LfIWhGjsIp8DwWK788TYYS2u9ygYniRVjE1b8f0Jz+T7Z5y58Pq4ZrodtZfsWfivv1ryPyRU3KvQ5mDBNSrpP+6+MY5RZ0sOLzhOmew3pqGvLp47sGY24pbLPS6lx6uoxE5jqhIpW5MVbmD0nkuqqk1bex9kC+c9uA+uFWA+TIeC7mLX2QRX28bS4gWs1RiGLjROMEPfc=,AQAB
E8J73S5YDbs=,AKs/mUyDO5R8i9DfxQmklmRWH0GsFh05ffWd0P6sEdXggjeXrgnR8du7U/y4fD0HaTEW/qZBJN7jRjhmwrLLY2PCG1KcloPMNnRK9LSFUniiYR9Aq7AsgTBl/PWiJfaa1qwuFS9RbEXgGKxne2dMDLBYqpV5dEM2czxFG1FMm7HhbCuh799BByD+0jy/LdT0rC1O83vDhvI3yT+JZcjuE3G42hNW+FigZlPu+Xik8XNaHE7rHfHWqxEJE6UKlsglH6CkhztPoikl7M+fSNv/fJyVeIC+6IG6m9ol9cx9CBfKwq8Tx3MiU60+CTib1qZM5fh9QRIhPysWr0fMPvyXcEs=,AQAB
